[{"model": "auth.user", "fields": {"password": "pbkdf2_sha256$1200000$hwrf1z0tZik6upgXANOMTk$VoXIfWMVMt+Qv03jCyfiO2OiWiI77dj06iWmPbw+71g=", "last_login": "2026-02-10T08:50:56Z", "is_superuser": true, "username": "admin", "first_name": "MOHAMED", "last_name": "CAMARA", "email": "admin@gmail.com", "is_staff": true, "is_active": true, "date_joined": "2026-02-10T08:50:49Z", "groups": [], "user_permissions": []}}, {"model": "auth.user", "fields": {"password": "pbkdf2_sha256$1200000$EAEzXkSw1m6Lnd4RX03tV4$ndp4LJ6XeB9gkRC6CgCFpa3FcPgcPEWdp9cy0uQca5c=", "last_login": null, "is_superuser": false, "username": "etu_3", "first_name": "Abdramane", "last_name": "Sanogo", "email": "dkhhfhf@gmail.com", "is_staff": false, "is_active": true, "date_joined": "2026-02-10T14:09:53.615Z", "groups": [], "user_permissions": []}}, {"model": "auth.user", "fields": {"password": "pbkdf2_sha256$1200000$P3QpYWUUfZOMkTEQRICMV7$5RljpSAbHZPVVeRSmeqlJ3ESS193fPRKwiUVDhWawxA=", "last_login": null, "is_superuser": false, "username": "webmind999@gmail.com", "first_name": "Mohamed", "last_name": "CAMARA", "email": "webmind999@gmail.com", "is_staff": false, "is_active": true, "date_joined": "2026-02-11T09:33:46.999Z", "groups": [], "user_permissions": []}}, {"model": "auth.user", "fields": {"password": "pbkdf2_sha256$1200000$xUHxqByV8nej9lgzJPFrpN$4klORXWb2SybxYiyJsX3aZ/sfpYqT/LzMb4Od54u6nM=", "last_login": null, "is_superuser": false, "username": "abdramanesanogo000@gmail.com", "first_name": "Abdramane", "last_name": "Sanogo", "email": "abdramanesanogo000@gmail.com", "is_staff": false, "is_active": true, "date_joined": "2026-02-11T10:06:52.819Z", "groups": [], "user_permissions": []}}, {"model": "auth.user", "fields": {"password": "pbkdf2_sha256$1200000$zE609KfZqsIwIXRUzsbHVL$ETy7se0JzTzM92Dl/OTa+zyjyrIu5qCmyLCMvBWY2Jo=", "last_login": null, "is_superuser": false, "username": "etu_esfe9", "first_name": "Mariam", "last_name": "CAMARA", "email": "calymoham9999@gmail.com", "is_staff": false, "is_active": true, "date_joined": "2026-02-11T12:46:41.292Z", "groups": [], "user_permissions": []}}, {"model": "auth.user", "fields": {"password": "pbkdf2_sha256$1200000$lPcEToxaVIeoJ1IchV8h6e$miH9qbTD4DY/+oO2p21TRTBlXyFLRUTTZ8/Dm4NvlLk=", "last_login": null, "is_superuser": false, "username": "etu_esfe12", "first_name": "Abdoulaye", "last_name": "Boukary", "email": "webmind999@gmail.com", "is_staff": false, "is_active": true, "date_joined": "2026-02-11T17:01:26.523Z", "groups": [], "user_permissions": []}}, {"model": "auth.user", "fields": {"password": "pbkdf2_sha256$1200000$KgX6JflvdmIbO36KBO7sFi$RgeYxhrKAc9adsuaUISWmGQEgldfhh2bDNnNF5gVDGU=", "last_login": null, "is_superuser": false, "username": "etu_esfe2", "first_name": "Mohamed", "last_name": "Fofana", "email": "calymoham9999@gmail.com", "is_staff": false, "is_active": true, "date_joined": "2026-02-11T17:52:39.888Z", "groups": [], "user_permissions": []}}, {"model": "auth.user", "fields": {"password": "pbkdf2_sha256$1200000$AXRVrFzigSeatpeYgJIbKm$mYWddldGLAZjrWWtvwtIvAzKLqsoLMKRTJZsL0cBQDs=", "last_login": null, "is_superuser": false, "username": "etu_esfe3", "first_name": "Abdramane", "last_name": "Sanogo", "email": "dkhhfhf@gmail.com", "is_staff": false, "is_active": true, "date_joined": "2026-02-11T17:58:39.787Z", "groups": [], "user_permissions": []}}, {"model": "sessions.session", "pk": "7fivgy4gg8uuhk051lm915wkrqe47dsi", "fields": {"session_data": ".eJyrVsrMK04uyiwoyczPi09MTk4tLo43NFKyKikqTdXBJgmVqwUAiswV-g:1vqEMQ:jzhoeAaeEMjdtTOE5iaWWWaCktAy6YAzWFcHdeVkWfY", "expire_date": "2026-02-25T17:50:46.215Z"}}, {"model": "sessions.session", "pk": "t5dx8cb18uvccojegq3ctge9utzjq9xr", "fields": {"session_data": ".eJx9zEsOwiAUheG93HFDeBWaDp27BnK5oEUNGKAj495NYweaGKfn-3Me4HDti1tbrC4FmEHA8Ll5pGvMG4QL5nNhVHKvybMtYbs2diwh3g57-3WwYFtgBjRayDFq9JNX-uQDWpo4J3kKRlkThfE4cS-58jaSFBqN5FZpGoO2oyUYIOVGNd17KtkhUWzNCQlzr2v8ieqPCf7G5wsBvFeP:1vqT08:ButD854OrslKqzFbC10jwJo6XjKM6Ff8vwbG3jhZAF4", "expire_date": "2026-02-26T09:28:44.288Z"}}, {"model": "admissions.candidature", "pk": 2, "fields": {"programme": 4, "entry_year": 1, "first_name": "Mohamed", "last_name": "CAMARA", "birth_date": "2018-01-10", "birth_place": "Bamako", "gender": "male", "phone": "60379905", "email": "webmind999@gmail.com", "address": "Adjohoun, Bénin", "city": "Allada", "country": "Mali", "status": "accepted", "admin_comment": "", "submitted_at": "2026-02-10T10:43:52.376Z", "reviewed_at": "2026-02-10T10:44:00.499Z", "updated_at": "2026-02-10T10:44:00.499Z"}}, {"model": "admissions.candidature", "pk": 3, "fields": {"programme": 4, "entry_year": 1, "first_name": "Mohamed", "last_name": "Fofana", "birth_date": "2022-06-10", "birth_place": "Bamako", "gender": "male", "phone": "60379905", "email": "calymoham9999@gmail.com", "address": "Adjohoun, Bénin", "city": "Allada", "country": "Mali", "status": "accepted", "admin_comment": "", "submitted_at": "2026-02-10T11:38:02.464Z", "reviewed_at": "2026-02-10T11:38:23.286Z", "updated_at": "2026-02-10T15:18:05.374Z"}}, {"model": "admissions.candidature", "pk": 4, "fields": {"programme": 2, "entry_year": 1, "first_name": "Abdramane", "last_name": "Sanogo", "birth_date": "2025-02-10", "birth_place": "Bamako", "gender": "male", "phone": "60379905", "email": "dkhhfhf@gmail.com", "address": "Adjohoun, Bénin", "city": "Allada", "country": "Mali", "status": "accepted", "admin_comment": "", "submitted_at": "2026-02-10T11:42:53.906Z", "reviewed_at": "2026-02-10T11:55:45.958Z", "updated_at": "2026-02-10T16:31:52.579Z"}}, {"model": "admissions.candidature", "pk": 12, "fields": {"programme": 4, "entry_year": 1, "first_name": "MOHAMED", "last_name": "CAMARA", "birth_date": "2026-02-22", "birth_place": "Bamako", "gender": "male", "phone": "78221324", "email": "calymoham9999@gmail.com", "address": "+223", "city": "BAMAKO", "country": "Mali", "status": "accepted", "admin_comment": "", "submitted_at": "2026-02-10T21:34:42.065Z", "reviewed_at": "2026-02-10T21:37:33.156Z", "updated_at": "2026-02-10T21:34:42.065Z"}}, {"model": "admissions.candidature", "pk": 13, "fields": {"programme": 3, "entry_year": 1, "first_name": "MOHAMED", "last_name": "CAMARA", "birth_date": "2026-01-30", "birth_place": "Bamako", "gender": "male", "phone": "78221324", "email": "calymoham9999@gmail.com", "address": "+22378221324", "city": "BAMAKO", "country": "Mali", "status": "rejected", "admin_comment": "", "submitted_at": "2026-02-10T21:39:49.217Z", "reviewed_at": "2026-02-11T12:44:35.588Z", "updated_at": "2026-02-10T21:39:49.217Z"}}, {"model": "admissions.candidature", "pk": 14, "fields": {"programme": 4, "entry_year": 1, "first_name": "Moussa", "last_name": "CAMARA", "birth_date": "2026-01-30", "birth_place": "Bamako", "gender": "male", "phone": "78221324", "email": "calymoham9999@gmail.com", "address": "+223", "city": "BAMAKO", "country": "Mali", "status": "accepted", "admin_comment": "", "submitted_at": "2026-02-10T21:45:56.273Z", "reviewed_at": "2026-02-10T21:46:08.390Z", "updated_at": "2026-02-10T21:45:56.273Z"}}, {"model": "admissions.candidature", "pk": 15, "fields": {"programme": 1, "entry_year": 1, "first_name": "MOHAMED", "last_name": "CAMARA", "birth_date": "2025-12-26", "birth_place": "Bamako", "gender": "male", "phone": "78221324", "email": "calymoham9999@gmail.com", "address": "+223", "city": "BAMAKO", "country": "Mali", "status": "rejected", "admin_comment": "", "submitted_at": "2026-02-10T21:58:57.763Z", "reviewed_at": "2026-02-11T12:44:21.895Z", "updated_at": "2026-02-10T21:58:57.763Z"}}, {"model": "admissions.candidature", "pk": 16, "fields": {"programme": 4, "entry_year": 1, "first_name": "Mariam", "last_name": "CAMARA", "birth_date": "2026-02-06", "birth_place": "Bamako", "gender": "male", "phone": "78221324", "email": "calymoham9999@gmail.com", "address": "+223", "city": "BAMAKO", "country": "Mali", "status": "accepted", "admin_comment": "", "submitted_at": "2026-02-10T22:18:22.202Z", "reviewed_at": "2026-02-10T22:18:55.788Z", "updated_at": "2026-02-10T22:18:22.202Z"}}, {"model": "admissions.candidature", "pk": 17, "fields": {"programme": 4, "entry_year": 1, "first_name": "Mohamed", "last_name": "CAMARA", "birth_date": "2019-02-02", "birth_place": "Bamako", "gender": "male", "phone": "60379905", "email": "webmind999@gmail.com", "address": "Adjohoun, Bénin", "city": "Allada", "country": "Mali", "status": "accepted", "admin_comment": "", "submitted_at": "2026-02-11T09:32:25.726Z", "reviewed_at": "2026-02-11T09:32:44.325Z", "updated_at": "2026-02-11T09:32:25.726Z"}}, {"model": "admissions.candidature", "pk": 18, "fields": {"programme": 4, "entry_year": 1, "first_name": "Abdramane", "last_name": "Sanogo", "birth_date": "2015-02-11", "birth_place": "Bamako", "gender": "male", "phone": "72080937", "email": "abdramanesanogo000@gmail.com", "address": "+223", "city": "BAMAKO", "country": "Mali", "status": "accepted", "admin_comment": "", "submitted_at": "2026-02-11T10:05:33.469Z", "reviewed_at": "2026-02-11T10:05:53.789Z", "updated_at": "2026-02-11T10:05:33.470Z"}}, {"model": "admissions.candidature", "pk": 19, "fields": {"programme": 4, "entry_year": 1, "first_name": "Abdoulaye", "last_name": "Boukary", "birth_date": "2023-06-11", "birth_place": "Bamako", "gender": "male", "phone": "60379905", "email": "webmind999@gmail.com", "address": "Adjohoun, Bénin", "city": "Allada", "country": "Mali", "status": "accepted", "admin_comment": "", "submitted_at": "2026-02-11T16:50:21.915Z", "reviewed_at": "2026-02-11T16:50:49.172Z", "updated_at": "2026-02-11T16:50:21.915Z"}}, {"model": "admissions.candidaturedocument", "pk": 2, "fields": {"candidature": 2, "document_type": 1, "file": "candidatures/documents/img_f1dxyQb.jpeg", "is_valid": false, "admin_note": "", "uploaded_at": "2026-02-10T10:43:52.460Z"}}, {"model": "admissions.candidaturedocument", "pk": 3, "fields": {"candidature": 3, "document_type": 1, "file": "candidatures/documents/bussiness.png", "is_valid": false, "admin_note": "", "uploaded_at": "2026-02-10T11:38:02.607Z"}}, {"model": "admissions.candidaturedocument", "pk": 4, "fields": {"candidature": 4, "document_type": 1, "file": "candidatures/documents/bussiness_fIqaqvo.png", "is_valid": false, "admin_note": "", "uploaded_at": "2026-02-10T11:42:54.240Z"}}, {"model": "admissions.candidaturedocument", "pk": 12, "fields": {"candidature": 12, "document_type": 2, "file": "candidatures/documents/img_gu70Ty8.jpeg", "is_valid": false, "admin_note": "", "uploaded_at": "2026-02-10T21:34:42.153Z"}}, {"model": "admissions.candidaturedocument", "pk": 13, "fields": {"candidature": 13, "document_type": 1, "file": "candidatures/documents/img_FEEVwh6.jpeg", "is_valid": false, "admin_note": "", "uploaded_at": "2026-02-10T21:39:49.433Z"}}, {"model": "admissions.candidaturedocument", "pk": 14, "fields": {"candidature": 14, "document_type": 3, "file": "candidatures/documents/bussiness_NRzc6As.png", "is_valid": false, "admin_note": "", "uploaded_at": "2026-02-10T21:45:56.390Z"}}, {"model": "admissions.candidaturedocument", "pk": 15, "fields": {"candidature": 15, "document_type": 3, "file": "candidatures/documents/img_ms5FWRw.jpeg", "is_valid": false, "admin_note": "", "uploaded_at": "2026-02-10T21:58:57.908Z"}}, {"model": "admissions.candidaturedocument", "pk": 16, "fields": {"candidature": 16, "document_type": 1, "file": "candidatures/documents/img_GN2ASE9.jpeg", "is_valid": false, "admin_note": "", "uploaded_at": "2026-02-10T22:18:22.335Z"}}, {"model": "admissions.candidaturedocument", "pk": 17, "fields": {"candidature": 17, "document_type": 1, "file": "candidatures/documents/coporate_mwAIGnY.png", "is_valid": false, "admin_note": "", "uploaded_at": "2026-02-11T09:32:26.187Z"}}, {"model": "admissions.candidaturedocument", "pk": 18, "fields": {"candidature": 18, "document_type": 1, "file": "candidatures/documents/img_bhwrOME.jpeg", "is_valid": false, "admin_note": "", "uploaded_at": "2026-02-11T10:05:33.737Z"}}, {"model": "admissions.candidaturedocument", "pk": 19, "fields": {"candidature": 19, "document_type": 1, "file": "candidatures/documents/img_7OgDcL1.jpeg", "is_valid": false, "admin_note": "", "uploaded_at": "2026-02-11T16:50:22.155Z"}}, {"model": "inscriptions.inscription", "pk": 1, "fields": {"candidature": 2, "reference": "5e32e172-3aaa-43c6-a1ba-8f65507c1c3b", "public_token": "ESFE-INS-jaUGfbpMBa1dVGn1", "access_code": "8eO8fHz7", "status": "created", "amount_due": 810000, "amount_paid": 300000, "created_at": "2026-02-10T10:44:00.689Z"}}, {"model": "inscriptions.inscription", "pk": 2, "fields": {"candidature": 3, "reference": "c03a2d36-b3c1-4e1b-8ad5-cb05e656c69e", "public_token": "ESFE-INS-LwN4drSk6TWloQWU", "access_code": "DEb0LhJp", "status": "created", "amount_due": 810000, "amount_paid": 808000, "created_at": "2026-02-10T11:38:23.401Z"}}, {"model": "inscriptions.inscription", "pk": 3, "fields": {"candidature": 4, "reference": "7545b1c3-2f42-4a0b-9054-1c0692f5a5c7", "public_token": "ESFE-INS-dIhBF0HkCQyDS9T5", "access_code": "6ueOoPZR", "status": "created", "amount_due": 810000, "amount_paid": 780000, "created_at": "2026-02-10T11:55:46.096Z"}}, {"model": "inscriptions.inscription", "pk": 8, "fields": {"candidature": 14, "reference": "20d686b1-0e1d-4df4-af9b-904d3c789305", "public_token": "ESFE-INS-H19TtOfkURoz7C3r", "access_code": "mvcdmkG0", "status": "created", "amount_due": 810000, "amount_paid": 200020, "created_at": "2026-02-10T21:46:08.389Z"}}, {"model": "inscriptions.inscription", "pk": 9, "fields": {"candidature": 16, "reference": "b62adaf6-3512-4052-bdc1-8eb502bd0a22", "public_token": "ESFE-INS-2EiBc0oWVciKEn7a", "access_code": "ZDexDlos", "status": "created", "amount_due": 810000, "amount_paid": 808100, "created_at": "2026-02-10T22:18:55.786Z"}}, {"model": "inscriptions.inscription", "pk": 10, "fields": {"candidature": 17, "reference": "eed920d8-9d58-429d-ba35-69dd78a3f421", "public_token": "ESFE-INS-cN4sMhk24aVbEw7I", "access_code": "-XRFLebE", "status": "created", "amount_due": 810000, "amount_paid": 165000, "created_at": "2026-02-11T09:32:44.323Z"}}, {"model": "inscriptions.inscription", "pk": 11, "fields": {"candidature": 18, "reference": "f79d8e7c-ff1f-4e9f-830c-160ff5286423", "public_token": "ESFE-INS-Ht1EU1831K1irAoo", "access_code": "lkBjI0ft", "status": "created", "amount_due": 810000, "amount_paid": 809000, "created_at": "2026-02-11T10:05:53.532Z"}}, {"model": "inscriptions.inscription", "pk": 12, "fields": {"candidature": 19, "reference": "17069cab-2da5-4021-a587-e8fd37330d4e", "public_token": "ESFE-INS-m_rEpCYxfHEeBuhn", "access_code": "6ObfiXP3", "status": "created", "amount_due": 810000, "amount_paid": 50000, "created_at": "2026-02-11T16:50:49.171Z"}}, {"model": "payments.paymentagent", "pk": 1, "fields": {"user": ["admin"], "agent_code": "F0489D", "is_active": true, "created_at": "2026-02-11T16:06:43.285Z"}}, {"model": "payments.cashpaymentsession", "pk": 1, "fields": {"inscription": 12, "agent": 1, "verification_code": "794584", "expires_at": "2026-02-11T17:03:03.548Z", "is_used": true, "created_at": "2026-02-11T16:58:03.548Z"}}, {"model": "payments.cashpaymentsession", "pk": 2, "fields": {"inscription": 2, "agent": 1, "verification_code": "600827", "expires_at": "2026-02-11T17:56:51.270Z", "is_used": true, "created_at": "2026-02-11T17:51:51.270Z"}}, {"model": "payments.cashpaymentsession", "pk": 3, "fields": {"inscription": 3, "agent": 1, "verification_code": "735027", "expires_at": "2026-02-11T18:02:48.394Z", "is_used": true, "created_at": "2026-02-11T17:57:48.395Z"}}, {"model": "payments.cashpaymentsession", "pk": 4, "fields": {"inscription": 12, "agent": 1, "verification_code": "438325", "expires_at": "2026-02-12T09:00:53.186Z", "is_used": false, "created_at": "2026-02-12T08:55:53.229Z"}}, {"model": "payments.cashpaymentsession", "pk": 5, "fields": {"inscription": 10, "agent": 1, "verification_code": "867786", "expires_at": "2026-02-12T09:34:18.384Z", "is_used": true, "created_at": "2026-02-12T09:29:18.384Z"}}, {"model": "payments.cashpaymentsession", "pk": 6, "fields": {"inscription": 10, "agent": 1, "verification_code": "955430", "expires_at": "2026-02-12T09:39:34.070Z", "is_used": true, "created_at": "2026-02-12T09:34:34.071Z"}}, {"model": "payments.payment", "pk": 5, "fields": {"inscription": 1, "agent": null, "amount": 300000, "method": "cash", "status": "validated", "reference": "INITIATED_BY_STUDENT", "receipt_number": "ESFE-2026-000005", "receipt_pdf": "payments/receipts/receipt-ESFE-2026-000005.pdf", "paid_at": "2026-02-10T11:39:59.272Z", "created_at": "2026-02-10T11:39:59.272Z"}}, {"model": "payments.payment", "pk": 6, "fields": {"inscription": 3, "agent": null, "amount": 500000, "method": "cash", "status": "validated", "reference": "INITIATED_BY_STUDENT", "receipt_number": "ESFE-2026-000006", "receipt_pdf": "payments/receipts/receipt-ESFE-2026-000006.pdf", "paid_at": "2026-02-10T11:59:10.231Z", "created_at": "2026-02-10T11:59:10.231Z"}}, {"model": "payments.payment", "pk": 7, "fields": {"inscription": 2, "agent": null, "amount": 56000, "method": "cash", "status": "validated", "reference": "INITIATED_BY_STUDENT", "receipt_number": "ESFE-2026-000007", "receipt_pdf": "payments/receipts/receipt-ESFE-2026-000007.pdf", "paid_at": "2026-02-10T12:59:28.135Z", "created_at": "2026-02-10T12:59:28.135Z"}}, {"model": "payments.payment", "pk": 8, "fields": {"inscription": 2, "agent": null, "amount": 600000, "method": "cash", "status": "validated", "reference": "INITIATED_BY_STUDENT", "receipt_number": "ESFE-2026-000008", "receipt_pdf": "payments/receipts/receipt-ESFE-2026-000008.pdf", "paid_at": "2026-02-10T13:06:06.269Z", "created_at": "2026-02-10T13:06:06.270Z"}}, {"model": "payments.payment", "pk": 9, "fields": {"inscription": 2, "agent": null, "amount": 10000, "method": "cash", "status": "validated", "reference": "INITIATED_BY_STUDENT", "receipt_number": "ESFE-2026-000009", "receipt_pdf": "payments/receipts/receipt-ESFE-2026-000009.pdf", "paid_at": "2026-02-10T13:35:15.164Z", "created_at": "2026-02-10T13:35:15.164Z"}}, {"model": "payments.payment", "pk": 10, "fields": {"inscription": 3, "agent": null, "amount": 60000, "method": "cash", "status": "validated", "reference": "INITIATED_BY_STUDENT", "receipt_number": "ESFE-2026-000010", "receipt_pdf": "payments/receipts/receipt-ESFE-2026-000010.pdf", "paid_at": "2026-02-10T14:09:44.446Z", "created_at": "2026-02-10T14:09:44.446Z"}}, {"model": "payments.payment", "pk": 11, "fields": {"inscription": 2, "agent": null, "amount": 49000, "method": "cash", "status": "validated", "reference": "INITIATED_BY_STUDENT", "receipt_number": "ESFE-2026-000011", "receipt_pdf": "payments/receipts/receipt-ESFE-2026-000011.pdf", "paid_at": "2026-02-10T15:15:23.177Z", "created_at": "2026-02-10T15:15:23.177Z"}}, {"model": "payments.payment", "pk": 13, "fields": {"inscription": 2, "agent": null, "amount": 15000, "method": "cash", "status": "validated", "reference": "INITIATED_BY_STUDENT", "receipt_number": "ESFE-2026-000013", "receipt_pdf": "payments/receipts/receipt-ESFE-2026-000013.pdf", "paid_at": "2026-02-10T16:10:29.175Z", "created_at": "2026-02-10T16:10:29.176Z"}}, {"model": "payments.payment", "pk": 14, "fields": {"inscription": 2, "agent": null, "amount": 50000, "method": "cash", "status": "validated", "reference": "INITIATED_BY_STUDENT", "receipt_number": "ESFE-2026-000014", "receipt_pdf": "payments/receipts/receipt-ESFE-2026-000014.pdf", "paid_at": "2026-02-10T16:20:03.120Z", "created_at": "2026-02-10T16:20:03.120Z"}}, {"model": "payments.payment", "pk": 15, "fields": {"inscription": 2, "agent": null, "amount": 15000, "method": "cash", "status": "validated", "reference": "INITIATED_BY_STUDENT", "receipt_number": "ESFE-2026-000015", "receipt_pdf": "payments/receipts/receipt-ESFE-2026-000015.pdf", "paid_at": "2026-02-10T17:37:58.890Z", "created_at": "2026-02-10T17:37:58.890Z"}}, {"model": "payments.payment", "pk": 17, "fields": {"inscription": 8, "agent": null, "amount": 20, "method": "cash", "status": "validated", "reference": "INITIATED_BY_STUDENT", "receipt_number": "ESFE-2026-000017", "receipt_pdf": "payments/receipts/receipt-ESFE-2026-000017.pdf", "paid_at": "2026-02-10T21:47:27.280Z", "created_at": "2026-02-10T21:47:27.280Z"}}, {"model": "payments.payment", "pk": 18, "fields": {"inscription": 8, "agent": null, "amount": 200000, "method": "cash", "status": "validated", "reference": "INITIATED_BY_STUDENT", "receipt_number": "ESFE-2026-000018", "receipt_pdf": "payments/receipts/receipt-ESFE-2026-000018.pdf", "paid_at": "2026-02-10T21:48:19.872Z", "created_at": "2026-02-10T21:48:19.872Z"}}, {"model": "payments.payment", "pk": 19, "fields": {"inscription": 9, "agent": null, "amount": 402300, "method": "cash", "status": "validated", "reference": "INITIATED_BY_STUDENT", "receipt_number": "ESFE-2026-000019", "receipt_pdf": "payments/receipts/receipt-ESFE-2026-000019.pdf", "paid_at": "2026-02-10T22:20:21.912Z", "created_at": "2026-02-10T22:20:21.913Z"}}, {"model": "payments.payment", "pk": 20, "fields": {"inscription": 9, "agent": null, "amount": 30000, "method": "cash", "status": "validated", "reference": "INITIATED_BY_STUDENT", "receipt_number": "ESFE-2026-000020", "receipt_pdf": "payments/receipts/receipt-ESFE-2026-000020.pdf", "paid_at": "2026-02-11T07:59:35.530Z", "created_at": "2026-02-11T07:59:35.531Z"}}, {"model": "payments.payment", "pk": 21, "fields": {"inscription": 9, "agent": null, "amount": 25000, "method": "cash", "status": "validated", "reference": "INITIATED_BY_STUDENT", "receipt_number": "ESFE-2026-000021", "receipt_pdf": "payments/receipts/receipt-ESFE-2026-000021.pdf", "paid_at": "2026-02-11T08:05:54.193Z", "created_at": "2026-02-11T08:05:54.194Z"}}, {"model": "payments.payment", "pk": 22, "fields": {"inscription": 9, "agent": null, "amount": 68500, "method": "cash", "status": "validated", "reference": "INITIATED_BY_STUDENT", "receipt_number": "ESFE-2026-000022", "receipt_pdf": "payments/receipts/receipt-ESFE-2026-000022.pdf", "paid_at": "2026-02-11T08:33:24.745Z", "created_at": "2026-02-11T08:33:24.746Z"}}, {"model": "payments.payment", "pk": 23, "fields": {"inscription": 10, "agent": null, "amount": 115000, "method": "cash", "status": "validated", "reference": "INITIATED_BY_STUDENT", "receipt_number": "ESFE-2026-000023", "receipt_pdf": "payments/receipts/receipt-ESFE-2026-000023.pdf", "paid_at": "2026-02-11T09:33:18.633Z", "created_at": "2026-02-11T09:33:18.633Z"}}, {"model": "payments.payment", "pk": 24, "fields": {"inscription": 11, "agent": null, "amount": 359000, "method": "cash", "status": "validated", "reference": "INITIATED_BY_STUDENT", "receipt_number": "ESFE-2026-000024", "receipt_pdf": "payments/receipts/receipt-ESFE-2026-000024.pdf", "paid_at": "2026-02-11T10:06:36.020Z", "created_at": "2026-02-11T10:06:36.020Z"}}, {"model": "payments.payment", "pk": 25, "fields": {"inscription": 11, "agent": null, "amount": 410000, "method": "cash", "status": "validated", "reference": "INITIATED_BY_STUDENT", "receipt_number": "ESFE-2026-000025", "receipt_pdf": "payments/receipts/receipt-ESFE-2026-000025.pdf", "paid_at": "2026-02-11T12:21:41.087Z", "created_at": "2026-02-11T12:21:41.088Z"}}, {"model": "payments.payment", "pk": 26, "fields": {"inscription": 9, "agent": null, "amount": 156000, "method": "cash", "status": "validated", "reference": "INITIATED_BY_STUDENT", "receipt_number": "ESFE-2026-000026", "receipt_pdf": "payments/receipts/receipt-ESFE-2026-000026.pdf", "paid_at": "2026-02-11T12:46:09.008Z", "created_at": "2026-02-11T12:46:09.008Z"}}, {"model": "payments.payment", "pk": 27, "fields": {"inscription": 11, "agent": null, "amount": 40000, "method": "cash", "status": "validated", "reference": "INITIATED_BY_STUDENT", "receipt_number": "ESFE-2026-000027", "receipt_pdf": "payments/receipts/receipt-ESFE-2026-000027.pdf", "paid_at": "2026-02-11T12:48:41.706Z", "created_at": "2026-02-11T12:48:41.706Z"}}, {"model": "payments.payment", "pk": 28, "fields": {"inscription": 9, "agent": null, "amount": 100000, "method": "cash", "status": "validated", "reference": "INITIATED_BY_STUDENT", "receipt_number": "ESFE-2026-000028", "receipt_pdf": "payments/receipts/receipt-ESFE-2026-000028.pdf", "paid_at": "2026-02-11T12:51:44.153Z", "created_at": "2026-02-11T12:51:44.154Z"}}, {"model": "payments.payment", "pk": 29, "fields": {"inscription": 9, "agent": null, "amount": 15000, "method": "cash", "status": "validated", "reference": "INITIATED_BY_STUDENT", "receipt_number": "ESFE-2026-000029", "receipt_pdf": "payments/receipts/receipt-ESFE-2026-000029.pdf", "paid_at": "2026-02-11T13:27:17.139Z", "created_at": "2026-02-11T13:27:17.139Z"}}, {"model": "payments.payment", "pk": 30, "fields": {"inscription": 9, "agent": null, "amount": 10500, "method": "cash", "status": "validated", "reference": "INITIATED_BY_STUDENT", "receipt_number": "ESFE-2026-000030", "receipt_pdf": "payments/receipts/receipt-ESFE-2026-000030.pdf", "paid_at": "2026-02-11T13:31:39.968Z", "created_at": "2026-02-11T13:31:39.968Z"}}, {"model": "payments.payment", "pk": 31, "fields": {"inscription": 9, "agent": null, "amount": 800, "method": "cash", "status": "validated", "reference": "INITIATED_BY_STUDENT", "receipt_number": "ESFE-2026-000031", "receipt_pdf": "payments/receipts/receipt-ESFE-2026-000031.pdf", "paid_at": "2026-02-11T15:06:28.828Z", "created_at": "2026-02-11T15:06:28.832Z"}}, {"model": "payments.payment", "pk": 32, "fields": {"inscription": 12, "agent": 1, "amount": 50000, "method": "cash", "status": "validated", "reference": "INITIATED_BY_STUDENT", "receipt_number": "ESFE-2026-000032", "receipt_pdf": "payments/receipts/receipt-ESFE-2026-000032.pdf", "paid_at": "2026-02-11T17:00:58.395Z", "created_at": "2026-02-11T17:00:58.395Z"}}, {"model": "payments.payment", "pk": 33, "fields": {"inscription": 2, "agent": 1, "amount": 13000, "method": "cash", "status": "validated", "reference": "INITIATED_BY_STUDENT", "receipt_number": "ESFE-2026-000033", "receipt_pdf": "payments/receipts/receipt-ESFE-2026-000033.pdf", "paid_at": "2026-02-11T17:52:18.342Z", "created_at": "2026-02-11T17:52:18.342Z"}}, {"model": "payments.payment", "pk": 34, "fields": {"inscription": 3, "agent": 1, "amount": 220000, "method": "cash", "status": "validated", "reference": "INITIATED_BY_STUDENT", "receipt_number": "ESFE-2026-000034", "receipt_pdf": "payments/receipts/receipt-ESFE-2026-000034.pdf", "paid_at": "2026-02-11T17:58:30.037Z", "created_at": "2026-02-11T17:58:30.037Z"}}, {"model": "payments.payment", "pk": 35, "fields": {"inscription": 10, "agent": 1, "amount": 50000, "method": "cash", "status": "validated", "reference": "INITIATED_BY_STUDENT", "receipt_number": "ESFE-2026-000035", "receipt_pdf": "payments/receipts/receipt-ESFE-2026-000035.pdf", "paid_at": "2026-02-12T09:38:30.583Z", "created_at": "2026-02-12T09:38:30.584Z"}}, {"model": "students.student", "pk": 4, "fields": {"user": ["webmind999@gmail.com"], "inscription": 10, "matricule": "ESFE-2026-SAN-0004", "is_active": true, "created_at": "2026-02-11T09:33:48.108Z"}}, {"model": "students.student", "pk": 5, "fields": {"user": ["abdramanesanogo000@gmail.com"], "inscription": 11, "matricule": "ESFE-2026-SAN-0005", "is_active": true, "created_at": "2026-02-11T10:06:54.023Z"}}, {"model": "students.student", "pk": 6, "fields": {"user": ["etu_esfe9"], "inscription": 9, "matricule": "ESFE-00009", "is_active": true, "created_at": "2026-02-11T12:46:42.396Z"}}, {"model": "students.student", "pk": 7, "fields": {"user": ["etu_esfe12"], "inscription": 12, "matricule": "ESFE-00012", "is_active": true, "created_at": "2026-02-11T17:01:27.663Z"}}, {"model": "students.student", "pk": 8, "fields": {"user": ["etu_esfe2"], "inscription": 2, "matricule": "ESFE-00002", "is_active": true, "created_at": "2026-02-11T17:52:41.099Z"}}, {"model": "students.student", "pk": 9, "fields": {"user": ["etu_esfe3"], "inscription": 3, "matricule": "ESFE-00003", "is_active": true, "created_at": "2026-02-11T17:58:40.986Z"}}, {"model": "formations.cycle", "pk": 1, "fields": {"name": "Cycle Licence", "description": "Cycle supérieur – niveau Licence", "min_duration_years": 3, "max_duration_years": 3, "is_active": true}}, {"model": "formations.cycle", "pk": 2, "fields": {"name": "Cycle Master", "description": "Cycle supérieur – niveau Master", "min_duration_years": 2, "max_duration_years": 2, "is_active": true}}, {"model": "formations.diploma", "pk": 1, "fields": {"name": "Licence", "level": "superieur"}}, {"model": "formations.diploma", "pk": 2, "fields": {"name": "Master", "level": "superieur"}}, {"model": "formations.diploma", "pk": 3, "fields": {"name": "Diplôme d'État", "level": "superieur"}}, {"model": "formations.filiere", "pk": 1, "fields": {"name": "Infirmier d’État", "description": "", "is_active": true}}, {"model": "formations.filiere", "pk": 2, "fields": {"name": "Sage-femme", "description": "", "is_active": true}}, {"model": "formations.filiere", "pk": 3, "fields": {"name": "Technicien de laboratoire", "description": "", "is_active": true}}, {"model": "formations.filiere", "pk": 4, "fields": {"name": "Biologie médicale", "description": "", "is_active": true}}, {"model": "formations.filiere", "pk": 5, "fields": {"name": "Santé communautaire", "description": "", "is_active": true}}, {"model": "formations.filiere", "pk": 6, "fields": {"name": "Nutrition", "description": "", "is_active": true}}, {"model": "formations.filiere", "pk": 7, "fields": {"name": "Épidémiologie", "description": "", "is_active": true}}, {"model": "formations.filiere", "pk": 8, "fields": {"name": "Hygiène Sécurité Travail", "description": "", "is_active": true}}, {"model": "formations.filiere", "pk": 9, "fields": {"name": "Data Manager Santé", "description": "", "is_active": true}}, {"model": "formations.programme", "pk": 1, "fields": {"title": "Infirmier d’État", "slug": "infirmier-detat", "filiere": 1, "cycle": 1, "diploma_awarded": 3, "duration_years": 3, "short_description": "Formation complète et reconnue en soins infirmiers.", "description": "La formation d’Infirmier d’État prépare les étudiants aux soins cliniques, à l’éthique professionnelle et à la prise en charge des patients.", "is_active": true, "is_featured": true, "created_at": "2026-02-10T08:53:41.567Z"}}, {"model": "formations.programme", "pk": 2, "fields": {"title": "Sage-femme", "slug": "sage-femme", "filiere": 2, "cycle": 1, "diploma_awarded": 3, "duration_years": 3, "short_description": "Spécialisation en santé maternelle et néonatale.", "description": "La formation de Sage-femme est orientée vers la santé de la mère et de l’enfant, avec une forte composante pratique.", "is_active": true, "is_featured": true, "created_at": "2026-02-10T08:53:42.348Z"}}, {"model": "formations.programme", "pk": 3, "fields": {"title": "Technicien de laboratoire", "slug": "technicien-de-laboratoire", "filiere": 3, "cycle": 1, "diploma_awarded": 3, "duration_years": 2, "short_description": "Analyses biomédicales et diagnostics.", "description": "Cette formation prépare aux techniques d’analyses médicales et au diagnostic biologique.", "is_active": true, "is_featured": true, "created_at": "2026-02-10T08:53:43.089Z"}}, {"model": "formations.programme", "pk": 4, "fields": {"title": "Santé communautaire", "slug": "sante-communautaire", "filiere": 5, "cycle": 2, "diploma_awarded": 2, "duration_years": 2, "short_description": "Gestion et promotion de la santé publique.", "description": "Le Master en Santé communautaire forme des cadres capables de concevoir et piloter des programmes de santé publique.", "is_active": true, "is_featured": true, "created_at": "2026-02-10T08:53:43.698Z"}}, {"model": "formations.programmeyear", "pk": 1, "fields": {"programme": 1, "year_number": 1}}, {"model": "formations.programmeyear", "pk": 2, "fields": {"programme": 1, "year_number": 2}}, {"model": "formations.programmeyear", "pk": 3, "fields": {"programme": 1, "year_number": 3}}, {"model": "formations.programmeyear", "pk": 4, "fields": {"programme": 2, "year_number": 1}}, {"model": "formations.programmeyear", "pk": 5, "fields": {"programme": 2, "year_number": 2}}, {"model": "formations.programmeyear", "pk": 6, "fields": {"programme": 2, "year_number": 3}}, {"model": "formations.programmeyear", "pk": 7, "fields": {"programme": 3, "year_number": 1}}, {"model": "formations.programmeyear", "pk": 8, "fields": {"programme": 3, "year_number": 2}}, {"model": "formations.programmeyear", "pk": 9, "fields": {"programme": 4, "year_number": 1}}, {"model": "formations.programmeyear", "pk": 10, "fields": {"programme": 4, "year_number": 2}}, {"model": "formations.fee", "pk": 1, "fields": {"programme_year": 9, "label": "Inscription", "amount": 410000, "due_month": "Octobre"}}, {"model": "formations.fee", "pk": 2, "fields": {"programme_year": 9, "label": "1ère tranche", "amount": 200000, "due_month": "Janvier"}}, {"model": "formations.fee", "pk": 3, "fields": {"programme_year": 9, "label": "2ème tranche", "amount": 200000, "due_month": "Mars"}}, {"model": "formations.fee", "pk": 4, "fields": {"programme_year": 10, "label": "Inscription", "amount": 600000, "due_month": "Octobre"}}, {"model": "formations.fee", "pk": 5, "fields": {"programme_year": 10, "label": "1ère tranche", "amount": 300000, "due_month": "Janvier"}}, {"model": "formations.fee", "pk": 6, "fields": {"programme_year": 10, "label": "2ème tranche", "amount": 300000, "due_month": "Mars"}}, {"model": "formations.requireddocument", "pk": 1, "fields": {"name": "Demande timbrée", "description": "", "is_mandatory": true}}, {"model": "formations.requireddocument", "pk": 2, "fields": {"name": "Copie extrait de naissance ou jugement supplétif", "description": "", "is_mandatory": true}}, {"model": "formations.requireddocument", "pk": 3, "fields": {"name": "Copie légalisée du diplôme (Licence ou équivalent)", "description": "", "is_mandatory": true}}, {"model": "formations.requireddocument", "pk": 4, "fields": {"name": "Quatre (04) photos d’identité", "description": "", "is_mandatory": true}}, {"model": "formations.programmerequireddocument", "pk": 1, "fields": {"programme": 1, "document": 1}}, {"model": "formations.programmerequireddocument", "pk": 2, "fields": {"programme": 1, "document": 2}}, {"model": "formations.programmerequireddocument", "pk": 3, "fields": {"programme": 1, "document": 3}}, {"model": "formations.programmerequireddocument", "pk": 4, "fields": {"programme": 1, "document": 4}}, {"model": "formations.programmerequireddocument", "pk": 5, "fields": {"programme": 2, "document": 1}}, {"model": "formations.programmerequireddocument", "pk": 6, "fields": {"programme": 2, "document": 2}}, {"model": "formations.programmerequireddocument", "pk": 7, "fields": {"programme": 2, "document": 3}}, {"model": "formations.programmerequireddocument", "pk": 8, "fields": {"programme": 2, "document": 4}}, {"model": "formations.programmerequireddocument", "pk": 9, "fields": {"programme": 3, "document": 1}}, {"model": "formations.programmerequireddocument", "pk": 10, "fields": {"programme": 3, "document": 2}}, {"model": "formations.programmerequireddocument", "pk": 11, "fields": {"programme": 3, "document": 3}}, {"model": "formations.programmerequireddocument", "pk": 12, "fields": {"programme": 3, "document": 4}}, {"model": "formations.programmerequireddocument", "pk": 13, "fields": {"programme": 4, "document": 1}}, {"model": "formations.programmerequireddocument", "pk": 14, "fields": {"programme": 4, "document": 2}}, {"model": "formations.programmerequireddocument", "pk": 15, "fields": {"programme": 4, "document": 3}}, {"model": "formations.programmerequireddocument", "pk": 16, "fields": {"programme": 4, "document": 4}}, {"model": "blog.article", "pk": 1, "fields": {"title": "Communiqué officiel : Résultats des examens de fin d’année", "slug": "communique-officiel-resultats-des-examens-de-fin-dannee", "excerpt": "Publication officielle des résultats des examens de fin d’année académique.", "content": "Les résultats des examens de fin d’année sont désormais disponibles. Les étudiants sont invités à consulter attentivement les listes publiées et à se rapprocher de l’administration en cas de besoin.", "author": ["admin"], "status": "published", "allow_comments": true, "published_at": "2026-02-10T08:55:19.569Z", "created_at": "2026-02-10T08:55:19.569Z", "updated_at": "2026-02-10T08:55:19.569Z", "is_deleted": false}}, {"model": "blog.article", "pk": 2, "fields": {"title": "Informations importantes pour les nouveaux étudiants", "slug": "informations-importantes-pour-les-nouveaux-etudiants", "excerpt": "Tout ce que les nouveaux étudiants doivent savoir avant la rentrée.", "content": "La direction souhaite la bienvenue aux nouveaux étudiants. Ce message contient les informations essentielles concernant l’inscription, l’orientation et la rentrée académique.", "author": ["admin"], "status": "published", "allow_comments": true, "published_at": "2026-02-10T08:55:20.074Z", "created_at": "2026-02-10T08:55:20.078Z", "updated_at": "2026-02-10T08:55:20.084Z", "is_deleted": false}}, {"model": "blog.article", "pk": 3, "fields": {"title": "Vie étudiante : Organisation des activités culturelles", "slug": "vie-etudiante-organisation-des-activites-culturelles", "excerpt": "Programme prévisionnel des activités culturelles et sportives.", "content": "Dans le cadre de la vie étudiante, plusieurs activités culturelles et sportives seront organisées tout au long de l’année.", "author": ["admin"], "status": "draft", "allow_comments": true, "published_at": null, "created_at": "2026-02-10T08:55:20.253Z", "updated_at": "2026-02-10T08:55:20.253Z", "is_deleted": false}}, {"model": "blog.article", "pk": 4, "fields": {"title": "Message de la direction académique", "slug": "message-de-la-direction-academique", "excerpt": "Message officiel de la direction à l’ensemble des étudiants.", "content": "La direction académique rappelle l’importance du respect du règlement intérieur et de l’assiduité aux cours.", "author": ["admin"], "status": "published", "allow_comments": true, "published_at": "2026-02-10T08:55:20.344Z", "created_at": "2026-02-10T08:55:20.344Z", "updated_at": "2026-02-10T08:55:20.344Z", "is_deleted": false}}, {"model": "blog.article", "pk": 5, "fields": {"title": "Santé : Mesures de prévention à respecter sur le campus", "slug": "sante-mesures-de-prevention-a-respecter-sur-le-campus", "excerpt": "Règles sanitaires et mesures de prévention en vigueur.", "content": "Pour garantir la sécurité de tous, certaines mesures de prévention doivent être strictement respectées au sein de l’établissement.", "author": ["admin"], "status": "published", "allow_comments": true, "published_at": "2026-02-10T08:55:20.428Z", "created_at": "2026-02-10T08:55:20.428Z", "updated_at": "2026-02-10T08:55:20.428Z", "is_deleted": false}}, {"model": "blog.article", "pk": 6, "fields": {"title": "Calendrier académique provisoire", "slug": "calendrier-academique-provisoire", "excerpt": "Aperçu du calendrier académique pour l’année en cours.", "content": "Le calendrier académique provisoire présente les grandes dates de l’année universitaire : inscriptions, examens, vacances.", "author": ["admin"], "status": "published", "allow_comments": true, "published_at": "2026-02-10T08:56:02.051Z", "created_at": "2026-02-10T08:55:20.519Z", "updated_at": "2026-02-10T08:56:02.051Z", "is_deleted": false}}, {"model": "blog.article", "pk": 7, "fields": {"title": "Annonce : Ouverture des inscriptions administratives", "slug": "annonce-ouverture-des-inscriptions-administratives", "excerpt": "Les inscriptions administratives sont désormais ouvertes.", "content": "Les étudiants sont invités à procéder à leur inscription administrative dans les délais impartis afin d’éviter toute pénalité.", "author": ["admin"], "status": "published", "allow_comments": true, "published_at": "2026-02-10T08:55:20.602Z", "created_at": "2026-02-10T08:55:20.603Z", "updated_at": "2026-02-10T08:55:20.603Z", "is_deleted": false}}, {"model": "blog.article", "pk": 8, "fields": {"title": "Vie sur le campus : Conseils pour une bonne intégration", "slug": "vie-sur-le-campus-conseils-pour-une-bonne-integration", "excerpt": "Quelques conseils pratiques pour bien s’intégrer à la vie du campus.", "content": "S’intégrer dans un nouvel environnement peut être un défi. Voici quelques conseils pour faciliter votre intégration.", "author": ["admin"], "status": "published", "allow_comments": true, "published_at": "2026-02-10T08:56:09.217Z", "created_at": "2026-02-10T08:55:20.686Z", "updated_at": "2026-02-10T08:56:09.217Z", "is_deleted": false}}, {"model": "blog.article", "pk": 9, "fields": {"title": "Rappel important concernant les frais de scolarité", "slug": "rappel-important-concernant-les-frais-de-scolarite", "excerpt": "Rappel des échéances liées aux frais de scolarité.", "content": "La direction rappelle aux étudiants l’importance de respecter les échéances de paiement des frais de scolarité.", "author": ["admin"], "status": "published", "allow_comments": true, "published_at": "2026-02-10T08:55:20.760Z", "created_at": "2026-02-10T08:55:20.761Z", "updated_at": "2026-02-10T08:55:20.761Z", "is_deleted": false}}, {"model": "blog.article", "pk": 10, "fields": {"title": "Note interne : Organisation des examens de rattrapage", "slug": "note-interne-organisation-des-examens-de-rattrapage", "excerpt": "Informations relatives à l’organisation des examens de rattrapage.", "content": "Les examens de rattrapage seront organisés conformément au règlement pédagogique en vigueur.", "author": ["admin"], "status": "published", "allow_comments": true, "published_at": "2026-02-10T08:55:52.547Z", "created_at": "2026-02-10T08:55:20.836Z", "updated_at": "2026-02-10T08:55:52.547Z", "is_deleted": false}}, {"model": "admin.logentry", "pk": 1, "fields": {"action_time": "2026-02-10T08:55:52.574Z", "user": ["admin"], "content_type": ["blog", "article"], "object_id": "10", "object_repr": "Note interne : Organisation des examens de rattrapage", "action_flag": 2, "change_message": "[{\"changed\": {\"fields\": [\"Status\"]}}]"}}, {"model": "admin.logentry", "pk": 2, "fields": {"action_time": "2026-02-10T08:56:02.058Z", "user": ["admin"], "content_type": ["blog", "article"], "object_id": "6", "object_repr": "Calendrier académique provisoire", "action_flag": 2, "change_message": "[{\"changed\": {\"fields\": [\"Status\"]}}]"}}, {"model": "admin.logentry", "pk": 3, "fields": {"action_time": "2026-02-10T08:56:09.260Z", "user": ["admin"], "content_type": ["blog", "article"], "object_id": "8", "object_repr": "Vie sur le campus : Conseils pour une bonne intégration", "action_flag": 2, "change_message": "[{\"changed\": {\"fields\": [\"Status\"]}}]"}}, {"model": "admin.logentry", "pk": 4, "fields": {"action_time": "2026-02-10T08:58:33.613Z", "user": ["admin"], "content_type": ["inscriptions", "inscription"], "object_id": "1", "object_repr": "Inscription – CAMARA Mohamed – Santé communautaire – 84db33e7-fb57-4dd1-9d3b-ec2cdc512033", "action_flag": 2, "change_message": "[{\"changed\": {\"fields\": [\"Amount due\"]}}]"}}, {"model": "admin.logentry", "pk": 5, "fields": {"action_time": "2026-02-10T08:58:37.901Z", "user": ["admin"], "content_type": ["inscriptions", "inscription"], "object_id": "1", "object_repr": "Inscription – CAMARA Mohamed – Santé communautaire – 84db33e7-fb57-4dd1-9d3b-ec2cdc512033", "action_flag": 2, "change_message": "[]"}}, {"model": "admin.logentry", "pk": 6, "fields": {"action_time": "2026-02-10T08:59:14.768Z", "user": ["admin"], "content_type": ["payments", "payment"], "object_id": "1", "object_repr": "150000 FCFA – 84db33e7-fb57-4dd1-9d3b-ec2cdc512033", "action_flag": 1, "change_message": "[{\"added\": {}}]"}}, {"model": "admin.logentry", "pk": 7, "fields": {"action_time": "2026-02-10T09:58:24.477Z", "user": ["admin"], "content_type": ["payments", "payment"], "object_id": "1", "object_repr": "150000 FCFA – 84db33e7-fb57-4dd1-9d3b-ec2cdc512033", "action_flag": 2, "change_message": "[]"}}, {"model": "admin.logentry", "pk": 8, "fields": {"action_time": "2026-02-10T10:22:06.830Z", "user": ["admin"], "content_type": ["payments", "payment"], "object_id": "2", "object_repr": "810000 FCFA – 84db33e7-fb57-4dd1-9d3b-ec2cdc512033", "action_flag": 3, "change_message": ""}}, {"model": "admin.logentry", "pk": 9, "fields": {"action_time": "2026-02-10T10:35:51.378Z", "user": ["admin"], "content_type": ["payments", "payment"], "object_id": "1", "object_repr": "150000 FCFA – 84db33e7-fb57-4dd1-9d3b-ec2cdc512033", "action_flag": 3, "change_message": ""}}, {"model": "admin.logentry", "pk": 10, "fields": {"action_time": "2026-02-10T10:35:59.028Z", "user": ["admin"], "content_type": ["inscriptions", "inscription"], "object_id": "1", "object_repr": "Inscription – CAMARA Mohamed – Santé communautaire – ESFE-INS-2ec58LgTzKisfm4O", "action_flag": 3, "change_message": ""}}, {"model": "admin.logentry", "pk": 11, "fields": {"action_time": "2026-02-10T10:36:10.266Z", "user": ["admin"], "content_type": ["admissions", "candidature"], "object_id": "1", "object_repr": "CAMARA Mohamed – Santé communautaire", "action_flag": 3, "change_message": ""}}, {"model": "admin.logentry", "pk": 12, "fields": {"action_time": "2026-02-10T10:44:29.190Z", "user": ["admin"], "content_type": ["inscriptions", "inscription"], "object_id": "1", "object_repr": "Inscription – CAMARA Mohamed – Santé communautaire – ESFE-INS-jaUGfbpMBa1dVGn1", "action_flag": 2, "change_message": "[{\"changed\": {\"fields\": [\"Amount due\"]}}]"}}, {"model": "admin.logentry", "pk": 13, "fields": {"action_time": "2026-02-10T10:49:28.219Z", "user": ["admin"], "content_type": ["payments", "payment"], "object_id": "3", "object_repr": "112500 FCFA – 5e32e172-3aaa-43c6-a1ba-8f65507c1c3b", "action_flag": 1, "change_message": "[{\"added\": {}}]"}}, {"model": "admin.logentry", "pk": 14, "fields": {"action_time": "2026-02-10T11:38:57.649Z", "user": ["admin"], "content_type": ["inscriptions", "inscription"], "object_id": "2", "object_repr": "Inscription – Fofana Mohamed – Santé communautaire – ESFE-INS-LwN4drSk6TWloQWU", "action_flag": 2, "change_message": "[{\"changed\": {\"fields\": [\"Amount due\"]}}]"}}, {"model": "admin.logentry", "pk": 15, "fields": {"action_time": "2026-02-10T11:39:18.819Z", "user": ["admin"], "content_type": ["payments", "payment"], "object_id": "4", "object_repr": "300000 FCFA – c03a2d36-b3c1-4e1b-8ad5-cb05e656c69e", "action_flag": 1, "change_message": "[{\"added\": {}}]"}}, {"model": "admin.logentry", "pk": 16, "fields": {"action_time": "2026-02-10T11:39:29.963Z", "user": ["admin"], "content_type": ["payments", "payment"], "object_id": "4", "object_repr": "300000 FCFA – c03a2d36-b3c1-4e1b-8ad5-cb05e656c69e", "action_flag": 3, "change_message": ""}}, {"model": "admin.logentry", "pk": 17, "fields": {"action_time": "2026-02-10T11:56:51.466Z", "user": ["admin"], "content_type": ["inscriptions", "inscription"], "object_id": "3", "object_repr": "Inscription – Sanogo Abdramane – Sage-femme – ESFE-INS-dIhBF0HkCQyDS9T5", "action_flag": 2, "change_message": "[{\"changed\": {\"fields\": [\"Amount due\"]}}]"}}, {"model": "admin.logentry", "pk": 18, "fields": {"action_time": "2026-02-10T15:17:37.300Z", "user": ["admin"], "content_type": ["auth", "user"], "object_id": "3", "object_repr": "calymoham9999@gmail.com", "action_flag": 2, "change_message": "[{\"changed\": {\"fields\": [\"Username\"]}}]"}}, {"model": "admin.logentry", "pk": 19, "fields": {"action_time": "2026-02-10T15:18:05.439Z", "user": ["admin"], "content_type": ["admissions", "candidature"], "object_id": "3", "object_repr": "Fofana Mohamed – Santé communautaire", "action_flag": 2, "change_message": "[{\"changed\": {\"fields\": [\"Email\"]}}]"}}, {"model": "admin.logentry", "pk": 20, "fields": {"action_time": "2026-02-10T15:38:11.075Z", "user": ["admin"], "content_type": ["payments", "payment"], "object_id": "12", "object_repr": "810000 FCFA – f61fbcf1-6c07-40f3-8443-fd8566826f18", "action_flag": 1, "change_message": "[{\"added\": {}}]"}}, {"model": "admin.logentry", "pk": 21, "fields": {"action_time": "2026-02-10T15:38:56.050Z", "user": ["admin"], "content_type": ["payments", "payment"], "object_id": "12", "object_repr": "810000 FCFA – f61fbcf1-6c07-40f3-8443-fd8566826f18", "action_flag": 3, "change_message": ""}}, {"model": "admin.logentry", "pk": 22, "fields": {"action_time": "2026-02-10T16:19:07.713Z", "user": ["admin"], "content_type": ["payments", "payment"], "object_id": "3", "object_repr": "112500 FCFA – 5e32e172-3aaa-43c6-a1ba-8f65507c1c3b", "action_flag": 3, "change_message": ""}}, {"model": "admin.logentry", "pk": 23, "fields": {"action_time": "2026-02-10T16:30:52.901Z", "user": ["admin"], "content_type": ["students", "student"], "object_id": "2", "object_repr": "Student object (2)", "action_flag": 3, "change_message": ""}}, {"model": "admin.logentry", "pk": 24, "fields": {"action_time": "2026-02-10T16:30:52.901Z", "user": ["admin"], "content_type": ["students", "student"], "object_id": "1", "object_repr": "Student object (1)", "action_flag": 3, "change_message": ""}}, {"model": "admin.logentry", "pk": 25, "fields": {"action_time": "2026-02-10T16:31:17.782Z", "user": ["admin"], "content_type": ["inscriptions", "inscription"], "object_id": "4", "object_repr": "Inscription – Sissoko Aly – Technicien de laboratoire – ESFE-INS-jKfm8qXpIeaS3G5l", "action_flag": 3, "change_message": ""}}, {"model": "admin.logentry", "pk": 26, "fields": {"action_time": "2026-02-10T16:31:24.815Z", "user": ["admin"], "content_type": ["admissions", "candidature"], "object_id": "5", "object_repr": "Sissoko Aly – Technicien de laboratoire", "action_flag": 3, "change_message": ""}}, {"model": "admin.logentry", "pk": 27, "fields": {"action_time": "2026-02-10T16:31:52.589Z", "user": ["admin"], "content_type": ["admissions", "candidature"], "object_id": "4", "object_repr": "Sanogo Abdramane – Sage-femme", "action_flag": 2, "change_message": "[]"}}, {"model": "admin.logentry", "pk": 28, "fields": {"action_time": "2026-02-10T18:20:43.327Z", "user": ["admin"], "content_type": ["admissions", "candidature"], "object_id": "7", "object_repr": "Diallo Moussa – Sage-femme", "action_flag": 3, "change_message": ""}}, {"model": "admin.logentry", "pk": 29, "fields": {"action_time": "2026-02-10T20:38:35.129Z", "user": ["admin"], "content_type": ["admissions", "candidature"], "object_id": "8", "object_repr": "Diallo Moussa – Infirmier d’État", "action_flag": 3, "change_message": ""}}, {"model": "admin.logentry", "pk": 30, "fields": {"action_time": "2026-02-10T20:48:28.348Z", "user": ["admin"], "content_type": ["inscriptions", "inscription"], "object_id": "5", "object_repr": "Inscription ESFE-INS-HV2Zp9RIhS7AjV4P", "action_flag": 3, "change_message": ""}}, {"model": "admin.logentry", "pk": 31, "fields": {"action_time": "2026-02-10T20:48:45.817Z", "user": ["admin"], "content_type": ["admissions", "candidature"], "object_id": "9", "object_repr": "CAMARA MOHAMED – Sage-femme", "action_flag": 3, "change_message": ""}}, {"model": "admin.logentry", "pk": 32, "fields": {"action_time": "2026-02-10T20:48:45.817Z", "user": ["admin"], "content_type": ["admissions", "candidature"], "object_id": "6", "object_repr": "kane Aly – Santé communautaire", "action_flag": 3, "change_message": ""}}, {"model": "admin.logentry", "pk": 33, "fields": {"action_time": "2026-02-10T20:51:45.170Z", "user": ["admin"], "content_type": ["inscriptions", "inscription"], "object_id": "6", "object_repr": "Inscription ESFE-INS-V160yYHw0HiI1Af6", "action_flag": 1, "change_message": "[{\"added\": {}}]"}}, {"model": "admin.logentry", "pk": 34, "fields": {"action_time": "2026-02-10T21:05:02.258Z", "user": ["admin"], "content_type": ["payments", "payment"], "object_id": "16", "object_repr": "200000 FCFA – ca545632-793d-4a92-8d13-23766e3f3789", "action_flag": 3, "change_message": ""}}, {"model": "admin.logentry", "pk": 35, "fields": {"action_time": "2026-02-10T21:05:13.809Z", "user": ["admin"], "content_type": ["inscriptions", "inscription"], "object_id": "6", "object_repr": "Inscription ESFE-INS-V160yYHw0HiI1Af6", "action_flag": 3, "change_message": ""}}, {"model": "admin.logentry", "pk": 36, "fields": {"action_time": "2026-02-10T21:05:28.233Z", "user": ["admin"], "content_type": ["admissions", "candidature"], "object_id": "10", "object_repr": "CAMARA MOHAMED – Sage-femme", "action_flag": 3, "change_message": ""}}, {"model": "admin.logentry", "pk": 37, "fields": {"action_time": "2026-02-10T21:34:21.485Z", "user": ["admin"], "content_type": ["admissions", "candidature"], "object_id": "11", "object_repr": "CAMARA MOHAMED – Technicien de laboratoire", "action_flag": 3, "change_message": ""}}, {"model": "admin.logentry", "pk": 38, "fields": {"action_time": "2026-02-10T21:39:13.649Z", "user": ["admin"], "content_type": ["inscriptions", "inscription"], "object_id": "7", "object_repr": "Inscription ESFE-INS-4GIOpcHhVr6PgHht", "action_flag": 3, "change_message": ""}}, {"model": "admin.logentry", "pk": 39, "fields": {"action_time": "2026-02-11T16:06:43.287Z", "user": ["admin"], "content_type": ["payments", "paymentagent"], "object_id": "1", "object_repr": " (F0489D)", "action_flag": 1, "change_message": "[{\"added\": {}}]"}}, {"model": "admin.logentry", "pk": 40, "fields": {"action_time": "2026-02-11T16:57:42.310Z", "user": ["admin"], "content_type": ["auth", "user"], "object_id": "1", "object_repr": "admin", "action_flag": 2, "change_message": "[{\"changed\": {\"fields\": [\"First name\", \"Last name\"]}}]"}}]
